{
	"info": {
		"_postman_id": "09d10f43-dbd1-42c5-bdfe-e10d88f85f21",
		"name": "Dibimbing-Assignment-Day23",
		"schema": "https://schema.getpostman.com/json/collection/v2.1.0/collection.json",
		"_exporter_id": "24942351"
	},
	"item": [
		{
			"name": "Get Provience",
			"request": {
				"method": "GET",
				"header": [],
				"url": {
					"raw": "http://localhost:3000/provience",
					"protocol": "http",
					"host": [
						"localhost"
					],
					"port": "3000",
					"path": [
						"provience"
					]
				}
			},
			"response": []
		},
		{
			"name": "Post Provience",
			"request": {
				"method": "POST",
				"header": [],
				"body": {
					"mode": "raw",
					"raw": "{\r\n    \"name\": \"Jawa Barat\",\r\n    \"code_prov\": \"JB\"\r\n}",
					"options": {
						"raw": {
							"language": "json"
						}
					}
				},
				"url": {
					"raw": "http://localhost:3000/provience",
					"protocol": "http",
					"host": [
						"localhost"
					],
					"port": "3000",
					"path": [
						"provience"
					]
				}
			},
			"response": []
		},
		{
			"name": "Get City",
			"request": {
				"method": "GET",
				"header": [],
				"url": {
					"raw": "http://localhost:3000/city",
					"protocol": "http",
					"host": [
						"localhost"
					],
					"port": "3000",
					"path": [
						"city"
					]
				}
			},
			"response": []
		},
		{
			"name": "Post City",
			"request": {
				"method": "POST",
				"header": [],
				"body": {
					"mode": "raw",
					"raw": "{\r\n    \"name\": \"Bandung\",\r\n    \"code_city\": \"BDG\"\r\n}",
					"options": {
						"raw": {
							"language": "json"
						}
					}
				},
				"url": {
					"raw": "http://localhost:3000/city",
					"protocol": "http",
					"host": [
						"localhost"
					],
					"port": "3000",
					"path": [
						"city"
					]
				}
			},
			"response": []
		}
	]
}